choice2,choice4,count
17,33,4
19,57,4
9,11,4
35,67,4
3,33,3
12,43,3
9,56,3
35,22,3
5,51,3
30,69,3
16,1,3
5,6,3
18,34,3
7,44,3
42,55,3
34,1,3
5,17,3
12,62,3
25,52,3
11,40,3
12,36,3
4,57,3
13,4,3
22,17,3
32,22,3
11,22,3
31,22,3
28,2,3
35,40,3
18,64,3
38,25,3
38,42,3
44,8,3
44,15,3
45,60,3
46,28,3
47,17,3
61,26,3
56,49,3
57,55,3
61,4,3
61,9,3
61,28,3
62,63,3
67,7,3
67,69,3
1,16,3
19,25,2
8,29,2
13,5,2
13,7,2
16,39,2
2,13,2
28,37,2
8,39,2
13,16,2
2,27,2
8,42,2
8,45,2
16,50,2
2,37,2
19,34,2
8,52,2
31,62,2
32,52,2
31,67,2
24,14,2
24,23,2
8,68,2
13,30,2
9,1,2
9,3,2
9,8,2
32,8,2
3,32,2
13,35,2
9,18,2
24,27,2
3,49,2
13,37,2
19,55,2
31,37,2
9,30,2
26,16,2
24,34,2
13,50,2
9,39,2
20,3,2
13,52,2
22,32,2
4,19,2
30,48,2
4,22,2
4,23,2
28,60,2
4,32,2
28,65,2
4,34,2
32,40,2
14,12,2
32,63,2
26,33,2
22,56,2
27,50,2
33,8,2
20,34,2
24,52,2
22,68,2
10,21,2
32,60,2
33,5,2
26,54,2
5,2,2
20,55,2
5,9,2
14,56,2
10,33,2
10,35,2
10,43,2
14,57,2
29,66,2
20,58,2
25,5,2
14,65,2
14,69,2
18,4,2
15,4,2
18,12,2
29,68,2
15,13,2
29,69,2
23,14,2
15,19,2
11,27,2
23,27,2
21,15,2
6,44,2
11,39,2
25,26,2
23,35,2
21,25,2
6,64,2
21,26,2
23,37,2
7,2,2
23,42,2
28,11,2
28,15,2
31,9,2
25,51,2
15,68,2
18,59,2
21,57,2
7,29,2
16,9,2
7,38,2
16,14,2
7,45,2
31,53,2
7,47,2
34,4,2
34,21,2
34,63,2
35,14,2
35,18,2
2,55,2
35,29,2
35,34,2
7,49,2
35,62,2
19,8,2
36,13,2
36,45,2
36,46,2
36,59,2
37,16,2
37,26,2
37,29,2
37,45,2
37,54,2
38,7,2
38,15,2
38,24,2
12,42,2
38,26,2
7,63,2
38,52,2
38,53,2
38,54,2
38,55,2
38,57,2
40,5,2
40,6,2
40,12,2
40,36,2
40,37,2
40,55,2
40,57,2
40,59,2
40,63,2
40,66,2
40,69,2
41,18,2
41,29,2
42,22,2
42,40,2
25,24,2
43,17,2
43,24,2
43,65,2
43,68,2
19,9,2
19,11,2
44,26,2
45,3,2
45,24,2
45,56,2
69,36,2
46,12,2
31,13,2
46,58,2
46,60,2
47,6,2
47,12,2
32,23,2
47,20,2
47,23,2
47,69,2
48,41,2
48,53,2
48,64,2
48,67,2
49,11,2
49,14,2
49,20,2
49,40,2
49,53,2
50,11,2
50,24,2
50,25,2
50,34,2
50,43,2
50,54,2
1,2,2
51,63,2
52,30,2
52,42,2
52,44,2
52,60,2
69,51,2
53,4,2
53,14,2
53,19,2
53,34,2
54,10,2
54,24,2
54,46,2
54,50,2
54,52,2
54,59,2
55,19,2
55,24,2
55,28,2
55,32,2
55,44,2
56,47,2
69,52,2
56,52,2
56,63,2
57,17,2
57,52,2
19,16,2
58,15,2
58,18,2
58,19,2
58,37,2
59,3,2
59,14,2
59,21,2
59,33,2
59,62,2
60,13,2
60,15,2
60,19,2
60,26,2
60,34,2
60,41,2
60,43,2
69,61,2
69,64,2
53,1,2
8,6,2
61,30,2
62,48,2
62,50,2
62,53,2
16,30,2
62,67,2
63,1,2
63,35,2
63,55,2
64,2,2
64,8,2
64,65,2
64,68,2
65,6,2
65,13,2
65,14,2
65,52,2
65,54,2
65,55,2
65,68,2
65,69,2
66,2,2
66,18,2
66,40,2
66,47,2
66,67,2
19,18,2
67,21,2
67,42,2
67,45,2
67,52,2
21,63,2
68,10,2
68,13,2
68,18,2
68,25,2
1,60,2
1,24,2
68,56,2
68,67,2
9,68,1
9,69,1
10,1,1
10,2,1
10,6,1
10,7,1
10,11,1
10,12,1
10,13,1
10,18,1
10,22,1
10,23,1
10,24,1
10,26,1
10,31,1
10,45,1
10,53,1
10,60,1
10,62,1
10,64,1
10,65,1
10,66,1
10,67,1
11,3,1
11,5,1
11,8,1
11,16,1
11,18,1
11,19,1
11,21,1
11,23,1
11,31,1
11,32,1
11,37,1
11,38,1
11,46,1
11,47,1
11,49,1
11,50,1
11,51,1
11,52,1
11,53,1
11,55,1
11,59,1
11,60,1
11,62,1
11,64,1
12,17,1
12,19,1
12,20,1
12,21,1
12,24,1
12,26,1
12,31,1
12,39,1
12,41,1
12,44,1
12,46,1
12,48,1
12,51,1
12,56,1
12,61,1
12,68,1
13,1,1
13,3,1
13,12,1
13,14,1
13,15,1
13,19,1
13,20,1
13,21,1
13,22,1
13,24,1
13,28,1
13,29,1
13,32,1
13,33,1
13,36,1
13,42,1
13,43,1
13,45,1
13,48,1
13,49,1
13,51,1
13,58,1
13,59,1
13,61,1
13,62,1
13,69,1
14,11,1
14,17,1
14,20,1
14,32,1
14,36,1
14,37,1
14,39,1
14,42,1
14,43,1
14,48,1
14,50,1
14,51,1
14,55,1
14,58,1
14,60,1
14,64,1
15,1,1
15,3,1
15,5,1
15,12,1
15,17,1
15,18,1
15,27,1
15,28,1
15,29,1
15,34,1
15,45,1
15,46,1
15,48,1
15,50,1
15,54,1
15,58,1
15,59,1
15,60,1
15,61,1
15,62,1
15,64,1
15,66,1
15,69,1
16,2,1
16,6,1
16,10,1
16,17,1
16,18,1
16,19,1
16,21,1
16,22,1
16,24,1
16,25,1
16,31,1
16,32,1
16,33,1
16,48,1
16,49,1
16,51,1
16,57,1
16,58,1
16,59,1
16,66,1
16,67,1
17,1,1
17,6,1
17,7,1
17,8,1
17,11,1
17,13,1
17,14,1
17,15,1
17,18,1
17,25,1
17,28,1
17,36,1
17,39,1
17,42,1
17,43,1
17,44,1
17,47,1
17,52,1
17,55,1
17,56,1
17,57,1
17,60,1
17,61,1
17,62,1
17,64,1
17,65,1
17,67,1
17,68,1
18,2,1
18,3,1
18,15,1
18,23,1
18,25,1
18,26,1
18,27,1
18,30,1
18,42,1
18,43,1
18,45,1
18,46,1
18,49,1
18,50,1
18,51,1
18,52,1
18,54,1
18,55,1
18,56,1
18,58,1
18,60,1
18,61,1
18,66,1
19,14,1
19,15,1
19,22,1
19,29,1
19,33,1
19,35,1
19,37,1
19,38,1
19,41,1
19,42,1
19,44,1
19,49,1
19,53,1
19,56,1
19,60,1
19,66,1
20,5,1
20,8,1
20,12,1
20,16,1
20,17,1
20,21,1
20,22,1
20,25,1
20,30,1
20,32,1
20,35,1
20,38,1
20,41,1
20,50,1
20,52,1
20,56,1
20,62,1
21,1,1
21,2,1
21,7,1
21,10,1
21,11,1
21,13,1
21,14,1
21,18,1
21,22,1
21,24,1
21,27,1
21,29,1
21,36,1
21,43,1
21,45,1
21,47,1
21,58,1
21,59,1
21,60,1
21,62,1
21,65,1
21,66,1
21,69,1
22,2,1
22,4,1
22,5,1
22,8,1
22,19,1
22,20,1
22,25,1
22,26,1
22,29,1
22,36,1
22,37,1
22,39,1
22,42,1
22,49,1
22,55,1
22,61,1
22,66,1
22,67,1
22,69,1
23,1,1
23,2,1
23,4,1
23,5,1
23,9,1
23,12,1
23,13,1
23,21,1
23,22,1
23,28,1
23,32,1
23,44,1
23,45,1
23,55,1
23,60,1
23,63,1
23,66,1
23,68,1
23,69,1
24,3,1
24,6,1
24,7,1
24,11,1
24,13,1
24,25,1
24,28,1
24,31,1
24,36,1
24,38,1
24,42,1
24,44,1
24,45,1
24,47,1
24,48,1
24,50,1
24,60,1
24,64,1
24,68,1
25,2,1
25,10,1
25,13,1
25,22,1
25,23,1
25,29,1
25,43,1
25,47,1
25,49,1
25,53,1
25,54,1
25,56,1
25,59,1
25,69,1
26,2,1
26,3,1
26,5,1
26,7,1
26,14,1
26,17,1
26,19,1
26,21,1
26,23,1
26,25,1
26,34,1
26,37,1
26,39,1
26,43,1
26,57,1
26,58,1
26,59,1
26,61,1
26,67,1
27,2,1
27,3,1
27,5,1
27,7,1
27,10,1
27,12,1
27,14,1
27,18,1
27,19,1
27,23,1
27,28,1
27,31,1
27,38,1
27,39,1
27,40,1
27,41,1
27,42,1
27,45,1
27,48,1
27,60,1
27,61,1
27,62,1
27,63,1
27,64,1
27,65,1
28,1,1
28,9,1
28,16,1
28,22,1
28,30,1
28,34,1
28,35,1
28,39,1
28,45,1
28,48,1
28,49,1
28,53,1
28,57,1
28,66,1
28,68,1
29,4,1
29,7,1
29,9,1
29,10,1
29,13,1
29,14,1
29,20,1
29,23,1
29,28,1
29,30,1
29,33,1
29,36,1
29,37,1
29,38,1
29,40,1
29,41,1
29,47,1
29,51,1
29,57,1
29,58,1
29,60,1
29,62,1
29,64,1
29,65,1
29,67,1
30,1,1
30,2,1
30,4,1
30,12,1
30,18,1
30,20,1
30,23,1
30,25,1
30,28,1
30,33,1
30,39,1
30,49,1
30,54,1
30,57,1
30,59,1
30,60,1
31,5,1
31,12,1
31,18,1
31,25,1
31,28,1
31,29,1
31,32,1
31,38,1
31,39,1
31,46,1
31,49,1
31,51,1
31,52,1
31,55,1
31,65,1
32,10,1
32,11,1
32,13,1
32,16,1
32,18,1
32,24,1
32,26,1
32,35,1
32,36,1
32,37,1
32,38,1
32,39,1
32,46,1
32,47,1
32,48,1
32,49,1
32,54,1
32,56,1
32,61,1
32,65,1
33,1,1
33,4,1
33,6,1
33,12,1
33,18,1
33,24,1
33,26,1
33,30,1
33,32,1
33,34,1
33,38,1
33,43,1
33,51,1
33,54,1
33,56,1
33,62,1
33,66,1
68,35,1
69,67,1
34,5,1
34,9,1
69,12,1
34,24,1
34,27,1
34,31,1
34,32,1
34,33,1
34,35,1
34,37,1
34,38,1
34,39,1
34,41,1
34,43,1
34,48,1
34,50,1
34,54,1
34,59,1
34,62,1
69,13,1
34,65,1
34,69,1
35,1,1
35,4,1
35,6,1
69,17,1
35,16,1
69,26,1
69,31,1
35,23,1
35,24,1
35,28,1
69,39,1
35,33,1
69,42,1
35,37,1
35,38,1
69,53,1
35,47,1
35,51,1
35,54,1
35,56,1
35,59,1
35,61,1
69,66,1
35,65,1
69,9,1
35,68,1
35,69,1
36,1,1
36,9,1
36,11,1
36,12,1
1,50,1
36,15,1
36,19,1
36,22,1
36,25,1
36,26,1
36,27,1
36,29,1
36,30,1
36,37,1
36,38,1
36,42,1
36,43,1
1,53,1
1,56,1
36,55,1
1,61,1
36,64,1
36,67,1
37,9,1
37,10,1
37,13,1
37,15,1
1,62,1
37,17,1
37,22,1
37,25,1
1,63,1
37,28,1
1,66,1
37,30,1
37,35,1
37,40,1
1,67,1
37,48,1
37,51,1
37,53,1
2,3,1
37,56,1
37,65,1
37,67,1
38,1,1
38,2,1
38,3,1
38,5,1
2,16,1
38,8,1
38,11,1
2,21,1
38,18,1
38,21,1
2,22,1
2,25,1
2,32,1
38,29,1
38,34,1
2,34,1
38,44,1
38,48,1
38,51,1
2,36,1
2,41,1
2,44,1
2,46,1
2,51,1
38,58,1
38,59,1
38,65,1
39,13,1
39,22,1
39,25,1
39,26,1
39,32,1
39,33,1
39,42,1
39,44,1
39,53,1
39,54,1
39,56,1
39,57,1
39,60,1
39,61,1
40,2,1
2,56,1
2,65,1
40,7,1
40,9,1
3,1,1
40,17,1
40,20,1
40,23,1
40,31,1
40,32,1
3,4,1
3,6,1
40,39,1
40,43,1
40,46,1
40,49,1
40,52,1
3,8,1
3,13,1
3,23,1
40,61,1
40,62,1
3,26,1
40,64,1
40,65,1
3,28,1
40,67,1
3,30,1
41,4,1
41,11,1
41,14,1
41,17,1
3,37,1
41,19,1
41,20,1
41,22,1
41,24,1
41,25,1
41,26,1
41,27,1
3,40,1
41,30,1
41,36,1
41,42,1
41,43,1
41,44,1
41,45,1
41,47,1
41,51,1
41,52,1
41,56,1
41,57,1
41,61,1
41,64,1
41,65,1
42,2,1
42,3,1
42,4,1
42,8,1
42,11,1
42,12,1
42,16,1
42,17,1
42,18,1
3,46,1
42,23,1
42,24,1
42,25,1
42,26,1
42,28,1
42,29,1
42,37,1
3,52,1
42,44,1
42,45,1
42,51,1
3,53,1
42,57,1
42,61,1
42,64,1
42,66,1
42,67,1
43,3,1
43,5,1
43,8,1
43,13,1
3,58,1
43,18,1
43,23,1
3,61,1
43,26,1
43,35,1
43,36,1
43,41,1
43,42,1
43,45,1
43,46,1
43,48,1
43,49,1
43,53,1
43,56,1
43,57,1
43,58,1
43,63,1
43,64,1
3,65,1
43,67,1
3,66,1
44,4,1
3,67,1
44,9,1
44,10,1
44,11,1
3,69,1
44,16,1
44,21,1
44,22,1
4,5,1
44,28,1
44,29,1
44,37,1
44,38,1
44,39,1
44,41,1
44,43,1
44,48,1
44,54,1
44,58,1
4,10,1
45,6,1
45,9,1
45,13,1
45,19,1
45,22,1
4,11,1
45,30,1
45,32,1
45,40,1
45,42,1
45,44,1
45,46,1
45,50,1
45,51,1
45,52,1
4,12,1
45,59,1
4,21,1
45,62,1
45,63,1
45,64,1
45,67,1
45,69,1
46,4,1
46,5,1
46,11,1
4,24,1
46,22,1
46,23,1
4,27,1
46,30,1
46,34,1
46,36,1
46,40,1
46,41,1
46,44,1
46,45,1
46,50,1
46,51,1
46,55,1
46,57,1
4,31,1
46,59,1
4,33,1
46,66,1
46,67,1
46,69,1
47,1,1
4,39,1
4,40,1
47,14,1
4,47,1
47,19,1
4,49,1
47,21,1
4,50,1
47,29,1
47,32,1
47,34,1
47,36,1
47,40,1
47,46,1
47,48,1
47,51,1
47,52,1
47,53,1
47,66,1
47,67,1
47,68,1
4,54,1
48,7,1
48,22,1
48,31,1
48,36,1
4,55,1
48,44,1
48,45,1
48,49,1
4,56,1
48,56,1
48,57,1
48,58,1
4,58,1
4,61,1
49,3,1
49,4,1
49,5,1
49,7,1
49,9,1
4,62,1
49,12,1
4,63,1
49,15,1
4,68,1
49,25,1
49,28,1
49,31,1
49,33,1
5,1,1
49,41,1
49,43,1
49,44,1
49,47,1
49,48,1
49,52,1
5,4,1
49,54,1
49,69,1
50,1,1
50,2,1
50,6,1
5,12,1
50,19,1
50,22,1
5,13,1
5,18,1
50,28,1
50,29,1
50,32,1
5,22,1
50,37,1
50,42,1
5,28,1
50,51,1
50,53,1
5,29,1
50,57,1
50,63,1
50,64,1
50,67,1
51,2,1
51,10,1
51,14,1
51,17,1
5,36,1
51,21,1
51,22,1
51,24,1
51,28,1
51,36,1
51,38,1
51,50,1
51,52,1
51,56,1
51,59,1
51,60,1
51,61,1
51,62,1
5,40,1
51,64,1
51,66,1
51,69,1
52,12,1
52,16,1
52,20,1
52,22,1
52,23,1
52,24,1
5,49,1
52,37,1
52,38,1
52,41,1
5,50,1
52,43,1
5,54,1
52,48,1
52,49,1
52,57,1
52,58,1
5,55,1
52,62,1
52,65,1
52,66,1
5,60,1
53,3,1
5,64,1
53,6,1
53,12,1
53,13,1
6,1,1
53,15,1
6,2,1
53,26,1
53,27,1
53,28,1
53,33,1
6,3,1
53,37,1
53,38,1
53,40,1
53,56,1
53,61,1
53,62,1
53,69,1
54,1,1
54,5,1
6,12,1
54,23,1
6,19,1
54,26,1
54,27,1
54,34,1
54,35,1
54,36,1
54,39,1
54,45,1
6,24,1
6,31,1
6,33,1
54,53,1
54,56,1
6,34,1
55,1,1
55,5,1
55,8,1
55,14,1
55,17,1
55,18,1
6,38,1
6,41,1
6,43,1
55,29,1
6,45,1
55,40,1
6,46,1
55,45,1
55,46,1
55,52,1
55,61,1
55,64,1
55,66,1
55,67,1
55,69,1
56,2,1
56,3,1
56,4,1
56,9,1
56,26,1
56,30,1
56,34,1
56,35,1
56,36,1
56,38,1
6,49,1
56,48,1
6,51,1
56,50,1
6,52,1
56,55,1
56,61,1
56,62,1
6,55,1
56,64,1
56,68,1
57,4,1
57,5,1
57,6,1
57,8,1
57,9,1
57,14,1
6,67,1
57,22,1
57,23,1
57,26,1
57,29,1
57,31,1
57,35,1
57,36,1
57,40,1
57,42,1
57,46,1
57,50,1
57,51,1
7,1,1
7,5,1
57,62,1
57,63,1
57,65,1
58,12,1
58,13,1
7,6,1
7,8,1
7,13,1
58,24,1
58,25,1
58,26,1
58,33,1
7,17,1
58,45,1
58,47,1
58,60,1
58,64,1
58,65,1
59,1,1
7,22,1
59,4,1
59,6,1
59,13,1
7,26,1
59,16,1
7,27,1
59,22,1
59,26,1
59,30,1
59,31,1
7,28,1
59,38,1
59,39,1
59,41,1
59,44,1
59,46,1
59,50,1
59,52,1
59,61,1
7,30,1
59,67,1
59,69,1
60,6,1
60,7,1
60,9,1
60,11,1
7,34,1
7,37,1
7,40,1
7,43,1
60,29,1
60,31,1
60,33,1
7,46,1
60,38,1
60,39,1
7,51,1
7,59,1
60,45,1
60,46,1
60,48,1
51,20,1
60,61,1
60,63,1
60,65,1
7,61,1
61,8,1
7,65,1
61,11,1
61,12,1
61,16,1
61,17,1
61,20,1
61,21,1
61,24,1
7,68,1
8,1,1
61,29,1
8,2,1
61,33,1
61,34,1
61,36,1
61,37,1
61,40,1
61,43,1
61,48,1
61,49,1
61,50,1
61,55,1
61,59,1
61,63,1
61,69,1
62,2,1
62,11,1
62,13,1
62,20,1
62,22,1
62,28,1
62,29,1
62,34,1
62,36,1
62,45,1
8,3,1
8,7,1
62,52,1
8,15,1
62,57,1
8,23,1
8,24,1
8,26,1
63,6,1
63,12,1
63,18,1
63,20,1
63,28,1
63,29,1
63,32,1
63,34,1
8,28,1
63,37,1
63,40,1
63,44,1
63,48,1
63,50,1
8,31,1
63,57,1
63,59,1
63,61,1
63,62,1
8,32,1
64,3,1
64,5,1
8,34,1
64,9,1
64,16,1
64,17,1
64,20,1
64,28,1
64,29,1
64,31,1
64,32,1
64,33,1
64,39,1
64,43,1
64,44,1
64,49,1
64,51,1
64,58,1
64,59,1
64,60,1
64,62,1
8,35,1
8,37,1
65,4,1
8,40,1
65,12,1
8,48,1
8,51,1
65,16,1
65,20,1
65,22,1
65,25,1
65,27,1
65,31,1
65,32,1
65,34,1
65,42,1
65,48,1
8,53,1
8,54,1
8,57,1
8,63,1
8,66,1
8,69,1
66,3,1
66,4,1
66,9,1
66,10,1
66,15,1
9,2,1
66,19,1
66,21,1
66,22,1
66,35,1
9,12,1
66,42,1
66,44,1
9,16,1
66,49,1
66,50,1
66,60,1
9,23,1
66,68,1
67,2,1
67,3,1
67,4,1
67,5,1
9,24,1
67,13,1
67,14,1
67,17,1
9,25,1
67,28,1
67,31,1
67,33,1
67,35,1
67,38,1
67,40,1
9,26,1
67,44,1
9,27,1
67,46,1
67,47,1
67,50,1
67,51,1
9,33,1
67,57,1
67,65,1
9,36,1
68,9,1
9,37,1
9,40,1
68,14,1
9,42,1
68,20,1
9,48,1
68,26,1
68,28,1
68,29,1
68,32,1
68,33,1
68,34,1
1,48,1
1,4,1
1,13,1
9,51,1
1,18,1
1,21,1
1,23,1
9,52,1
1,27,1
1,28,1
1,33,1
1,41,1
1,42,1
1,44,1
1,47,1
1,3,1
69,8,1
68,38,1
68,40,1
68,43,1
68,47,1
68,51,1
68,53,1
9,61,1
68,58,1
68,59,1
68,61,1
68,65,1
9,67,1
69,1,1
69,2,1
60,55,1
